"type","account-number","label"
"CAPIT","10","Capital et réserves"
"CAPIT","101","Capital"
"CAPIT","1011","Capital souscrit - non appelé"
"CAPIT","1012","Capital souscrit - appelé, non versé"
"CAPIT","1013","Capital souscrit - appelé, versé"
"CAPIT","10131","Capital non amorti"
"CAPIT","10132","Capital amorti"
"CAPIT","1018","Capital souscrit soumis à des réglementations particulières"
"CAPIT","102","Fonds fiduciaires"
"CAPIT","104","Primes liées au capital social"
"CAPIT","1041","Primes d'émission"
"CAPIT","1042","Primes de fusion"
"CAPIT","1043","Primes d'apport"
"CAPIT","1044","Primes de conversion d'obligations en actions"
"CAPIT","1045","Bons de souscription d'actions"
"CAPIT","105","Ecarts de réévaluation"
"CAPIT","1051","Réserve spéciale de réévaluation"
"CAPIT","1052","Ecart de réévaluation libre"
"CAPIT","1053","Réserve de réévaluation"
"CAPIT","1055","Ecarts de réévaluation (autres opérations légales)"
"CAPIT","1057","Autres écarts de réévaluation en France"
"CAPIT","1058","Autres écarts de réévaluation à l'Etranger"
"CAPIT","106","Réserves"
"CAPIT","1061","Réserve légale"
"CAPIT","10611","Réserve légale proprement dite"
"CAPIT","10612","Plus-values nettes à long terme"
"CAPIT","1062","Réserves indisponibles"
"CAPIT","1063","Réserves statutaires ou contractuelles"
"CAPIT","1064","Réserves réglementées"
"CAPIT","10641","Plus-values nettes à long terme"
"CAPIT","10643","Réserves consécutives à l'octroi de subventions d'investissement"
"CAPIT","10648","Autres réserves réglementées"
"CAPIT","1068","Autres réserves"
"CAPIT","10681","Réserve de propre assureur"
"CAPIT","10688","Réserves diverses"
"CAPIT","107","Ecart d'équivalence"
"CAPIT","108","Compte de l'exploitant"
"CAPIT","109","Actionnaires : Capital souscrit - non appelé"
"CAPIT","11","Report à nouveau (solde créditeur ou débiteur)"
"CAPIT","110","Report à nouveau (solde créditeur)"
"CAPIT","119","Report à nouveau (solde débiteur)"
"CAPIT","12","Résultat de l'exercice (bénéfice ou perte)"
"CAPIT","120","Résultat de l'exercice (bénéfice)"
"CAPIT","129","Résultat de l'exercice (perte)"
"CAPIT","13","Subventions d'investissement"
"CAPIT","131","Subventions d'équipement"
"CAPIT","1311","Etat"
"CAPIT","1312","Régions"
"CAPIT","1313","Départements"
"CAPIT","1314","Communes"
"CAPIT","1315","Collectivités publiques"
"CAPIT","1316","Entreprises publiques"
"CAPIT","1317","Entreprises et organismes privés"
"CAPIT","1318","Autres"
"CAPIT","138","Autres subventions d'investissement (même ventilation que celle du compte 131)"
"CAPIT","139","Subventions d'investissement inscrites au compte de résultat"
"CAPIT","1391","Subventions d'équipement"
"CAPIT","13911","Etat"
"CAPIT","13912","Régions"
"CAPIT","13913","Départements"
"CAPIT","13914","Communes"
"CAPIT","13915","Collectivités publiques"
"CAPIT","13916","Entreprises publiques"
"CAPIT","13917","Entreprises et organismes privés"
"CAPIT","13918","Autres"
"CAPIT","1398","Autres subventions d'investissement (même ventilation que celle du compte 1391)"
"CAPIT","14","Provisions réglementées"
"CAPIT","142","Provisions réglementées relatives aux immobilisations"
"CAPIT","1423","Provisions pour reconstitution des gisements miniers et pétroliers"
"CAPIT","1424","Provisions pour investissement (participation des salariés)"
"CAPIT","143","Provisions réglementées relatives aux stocks"
"CAPIT","1431","Hausse des prix"
"CAPIT","1432","Fluctuation des cours"
"CAPIT","144","Provisions réglementées relatives aux autres éléments de l'actif"
"CAPIT","145","Amortissements dérogatoires"
"CAPIT","146","Provision spéciale de réévaluation"
"CAPIT","147","Plus-values réinvesties"
"CAPIT","148","Autres provisions réglementées"
"CAPIT","15","Provisions"
"CAPIT","151","Provisions pour risques"
"CAPIT","1511","Provisions pour litiges"
"CAPIT","1512","Provisions pour garanties données aux clients"
"CAPIT","1513","Provisions pour pertes sur marchés à terme"
"CAPIT","1514","Provisions pour amendes et pénalités"
"CAPIT","1515","Provisions pour pertes de change"
"CAPIT","1516","Provisions pour pertes sur contrats"
"CAPIT","1518","Autres provisions pour risques"
"CAPIT","153","Provisions pour pensions et obligations similaires"
"CAPIT","154","Provisions pour restructurations"
"CAPIT","155","Provisions pour impôts"
"CAPIT","156","Provisions pour renouvellement des immobilisations (entreprises concessionnaires)"
"CAPIT","157","Provisions pour charges à répartir sur plusieurs exercices"
"CAPIT","1572","Provisions pour gros entretien ou grandes révisions"
"CAPIT","158","Autres provisions pour charges"
"CAPIT","1581","Provisions pour remises en état"
"CAPIT","16","Emprunts et dettes assimilées"
"CAPIT","161","Emprunts obligataires convertibles"
"CAPIT","162","Obligations représentatives de passifs nets remis en fiducie"
"CAPIT","163","Autres emprunts obligataires"
"CAPIT","164","Emprunts auprès des établissements de crédit"
"CAPIT","165","Dépôts et cautionnements reçus"
"CAPIT","1651","Dépôts"
"CAPIT","1655","Cautionnements"
"CAPIT","166","Participation des salariés aux résultats"
"CAPIT","1661","Comptes bloqués"
"CAPIT","1662","Fonds de participation"
"CAPIT","167","Emprunts et dettes assortis de conditions particulières"
"CAPIT","1671","Emissions de titres participatifs"
"CAPIT","1674","Avances conditionnées de l'Etat"
"CAPIT","1675","Emprunts participatifs"
"CAPIT","168","Autres emprunts et dettes assimilées"
"CAPIT","1681","Autres emprunts"
"CAPIT","1685","Rentes viagères capitalisées"
"CAPIT","1687","Autres dettes"
"CAPIT","1688","Intérêts courus"
"CAPIT","16881","sur emprunts obligataires convertibles"
"CAPIT","16883","sur autres emprunts obligataires"
"CAPIT","16684","sur emprunts auprès des établissements de crédit"
"CAPIT","16885","sur dépôts et cautionnements reçus"
"CAPIT","16886","sur participation des salariés aux résultats"
"CAPIT","16887","sur emprunts et dettes assortis de conditions particulières"
"CAPIT","16888","sur autres emprunts et dettes assimilées"
"CAPIT","169","Primes de remboursement des obligations"
"CAPIT","17","Dettes rattachées à des participations"
"CAPIT","171","Dettes rattachées à des participations (groupe)"
"CAPIT","174","Dettes rattachées à des participations (hors groupe)"
"CAPIT","178","Dettes rattachées à des sociétés en participation"
"CAPIT","1781","Principal"
"CAPIT","1788","Intérêts courus"
"CAPIT","18","Comptes de liaison des établissements et sociétés en participation"
"CAPIT","181","Comptes de liaison des établissements"
"CAPIT","186","Biens et prestations de services échangés entre établissements (charges)"
"CAPIT","187","Biens et prestations de services échangés entre établissements (produits)"
"CAPIT","188","Comptes de liaison des sociétés en participation"
"IMMO","20","Immobilisations incorporelles"
"IMMO","201","Frais d'établissement"
"IMMO","2011","Frais de constitution"
"IMMO","2012","Frais de premier établissement"
"IMMO","20121","Frais de prospection"
"IMMO","20122","Frais de publicité"
"IMMO","2013","Frais d'augmentation de capital et d'opérations diverses (fusions, scissions, transformations)"
"IMMO","203","Frais de recherche et de développement"
"IMMO","205","Concessions et droits similaires, brevets, licences, marques, procédés, logiciels, droits et valeurs similaires"
"IMMO","206","Droit au bail"
"IMMO","207","Fonds commercial"
"IMMO","208","Autres immobilisations incorporelles"
"IMMO","21","Immobilisations corporelles"
"IMMO","211","Terrains"
"IMMO","2111","Terrains nus"
"IMMO","2112","Terrains aménagés"
"IMMO","2113","Sous - sols et sursols"
"IMMO","2114","Terrains de gisement"
"IMMO","21141","Carrières"
"IMMO","2115","Terrains bâtis"
"IMMO","21151","Ensembles immobiliers industriels (A, B)"
"IMMO","21155","Ensembles immobiliers administratifs et commerciaux (A, B)"
"IMMO","21158","Autres ensembles immobiliers"
"IMMO","211581","affectés aux opérations professionnelles (A, B)"
"IMMO","211588","affectés aux opérations non professionnelles (A, B)"
"IMMO","2116","Compte d'ordre sur immobilisations"
"IMMO","212","Agencements et aménagements de terrains (même ventilation que celle du compte 211)"
"IMMO","213","Constructions"
"IMMO","2131","Bâtiments"
"IMMO","21311","Ensembles immobiliers industriels (A, B)"
"IMMO","21315","Ensembles immobiliers administratifs et commerciaux (A, B)"
"IMMO","21318","Autres ensembles immobiliers"
"IMMO","213181","affectés aux opérations professionnelles (A, B)"
"IMMO","213188","affectés aux opérations non professionnelles (A, B)"
"IMMO","2135","Installations générales - agencements - aménagements des constructions"
"IMMO","21351","Ensembles immobiliers industriels (A, B)"
"IMMO","21355","Ensembles immobiliers administratifs et commerciaux (A, B)"
"IMMO","21358","Autres ensembles immobiliers"
"IMMO","213581","affectés aux opérations professionnelles (A, B)"
"IMMO","213588","affectés aux opérations non professionnelles (A, B)"
"IMMO","2138","Ouvrages d'infrastructure"
"IMMO","21381","Voies de terre"
"IMMO","21382","Voies de fer"
"IMMO","21383","Voies d'eau"
"IMMO","21384","Barrages"
"IMMO","21385","Pistes d'aérodromes"
"IMMO","214","Constructions sur sol d'autrui (même ventilation que celle du compte 213)"
"IMMO","215","Installations techniques, matériels et outillage industriels"
"IMMO","2151","Installations complexes spécialisées"
"IMMO","21511","sur sol propre"
"IMMO","21514","sur sol d'autrui"
"IMMO","2153","Installations à caractère spécifique"
"IMMO","21531","sur sol propre"
"IMMO","21534","sur sol d'autrui"
"IMMO","2154","Matériel industriel"
"IMMO","2155","Outillage industriel"
"IMMO","2157","Agencements et aménagements du matériel et outillage industriels"
"IMMO","218","Autres immobilisations corporelles"
"IMMO","2181","Installations générales, agencements, aménagements divers"
"IMMO","2182","Matériel de transport"
"IMMO","2183","Matériel de bureau et matériel informatique"
"IMMO","2184","Mobilier"
"IMMO","2185","Cheptel"
"IMMO","2186","Emballages récupérables"
"IMMO","22","Immobilisations mises en concession"
"IMMO","23","Immobilisations en cours"
"IMMO","231","Immobilisations corporelles en cours"
"IMMO","2312","Terrains"
"IMMO","2313","Constructions"
"IMMO","2315","Installations techniques, matériel et outillage industriels"
"IMMO","2318","Autres immobilisations corporelles"
"IMMO","232","Immobilisations incorporelles en cours"
"IMMO","237","Avances et acomptes versés sur immobilisations incorporelles"
"IMMO","238","Avances et acomptes versés sur commandes d'immobilisations corporelles"
"IMMO","2382","Terrains"
"IMMO","2383","Constructions"
"IMMO","2385","Installations techniques, matériel et outillage industriels"
"IMMO","2388","Autres immobilisations corporelles"
"IMMO","25","Parts dans des entreprises liées et créances sur des entreprises liées"
"IMMO","26","Participations et créances rattachées à des participations"
"IMMO","261","Titres de participation"
"IMMO","2611","Actions"
"IMMO","2618","Autres titres"
"IMMO","266","Autres formes de participation"
"IMMO","2661","Droits représentatifs d'actifs nets remis en fiducie"
"IMMO","267","Créances rattachées à des participations"
"IMMO","2671","Créances rattachées à des participations (groupe)"
"IMMO","2674","Créances rattachées à des participations (hors groupe)"
"IMMO","2675","Versements représentatifs d'apports non capitalisés (appel de fonds)"
"IMMO","2676","Avances consolidables"
"IMMO","2677","Autres créances rattachées à des participations"
"IMMO","2678","Intérêts courus"
"IMMO","268","Créances rattachées à des sociétés en participation"
"IMMO","2681","Principal"
"IMMO","2688","Intérêts courus"
"IMMO","269","Versements restant à effectuer sur titres de participation non libérés"
"IMMO","27","Autres immobilisations financières"
"IMMO","271","Titres immobilisés autres que les titres immobilisés de l'activité de portefeuille (droit de propriété)"
"IMMO","2711","Actions"
"IMMO","2718","Autres titres"
"IMMO","272","Titres immobilisés (droit de créance)"
"IMMO","2721","Obligations"
"IMMO","2722","Bons"
"IMMO","273","Titres immobilisés de l'activité de portefeuille"
"IMMO","274","Prêts"
"IMMO","2741","Prêts participatifs"
"IMMO","2742","Prêts aux associés"
"IMMO","2743","Prêts au personnel"
"IMMO","2748","Autres prêts"
"IMMO","275","Dépôts et cautionnements versés"
"IMMO","2751","Dépôts"
"IMMO","2755","Cautionnements"
"IMMO","276","Autres créances immobilisées"
"IMMO","2761","Créances diverses"
"IMMO","2768","Intérêts courus"
"IMMO","27682","sur titres immobilisés (droit de créance)"
"IMMO","27684","sur prêts"
"IMMO","27685","sur dépôts et cautionnements"
"IMMO","27688","sur créances diverses"
"IMMO","277","(Actions propres ou parts propres)"
"IMMO","2771","Actions propres ou parts propres"
"IMMO","2772","Actions propres ou parts propres en voie d'annulation"
"IMMO","279","Versements restant à effectuer sur titres immobilisés non libérés"
"IMMO","28","Amortissements des immobilisations"
"IMMO","280","Amortissements des immobilisations incorporelles"
"IMMO","2801","Frais d'établissement (même ventilation que celle du compte 201)"
"IMMO","2803","Frais de recherche et de développement"
"IMMO","2805","Concessions et droits similaires, brevets, licences, logiciels, droits et valeurs similaires"
"IMMO","2807","Fonds commercial"
"IMMO","2808","Autres immobilisations incorporelles"
"IMMO","281","Amortissements des immobilisations corporelles"
"IMMO","2811","Terrains de gisement"
"IMMO","2812","Agencements, aménagements de terrains (même ventilation que celle du compte 212)"
"IMMO","2813","Constructions (même ventilation que celle du compte 213)"
"IMMO","2814","Constructions sur sol d'autrui (même ventilation que celle du compte 214)"
"IMMO","2815","Installations, matériel et outillage industriels (même ventilation que celle du compte 215)"
"IMMO","2818","Autres immobilisations corporelles (même ventilation que celle du compte 218)"
"IMMO","282","Amortissements des immobilisations mises en concession"
"IMMO","29","Dépréciations des immobilisations"
"IMMO","290","Dépréciations des immobilisations incorporelles"
"IMMO","2905","Marques, procédés, droits et valeurs similaires"
"IMMO","2906","Droit au bail"
"IMMO","2907","Fonds commercial"
"IMMO","2908","Autres immobilisations incorporelles"
"IMMO","291","Dépréciations des immobilisations corporelles (même ventilation que celle du compte 21)"
"IMMO","2911","Terrains (autres que terrains de gisement)"
"IMMO","292","Dépréciations des immobilisations mises en concession"
"IMMO","293","Dépréciations des immobilisations en cours"
"IMMO","2931","Immobilisations corporelles en cours"
"IMMO","2932","Immobilisations incorporelles en cours"
"IMMO","296","Dépréciations des participations et créances rattachées à des participations"
"IMMO","2961","Titres de participation"
"IMMO","2966","Autres formes de participation"
"IMMO","2967","Créances rattachées à des participations (même ventilation que celle du compte 267)"
"IMMO","2968","Créances rattachées à des sociétés en participation (même ventilation que celle du compte 268)"
"IMMO","297","Dépréciations des autres immobilisations financières"
"IMMO","2971","Titres immobilisés autres que les titres immobilisés de l'activité de portefeuille - droit de propriété (même ventilation que celle du compte 271)"
"IMMO","2972","Droit de créance (même ventilation que celle du compte 272)"
"IMMO","2973","Titres immobilisés de l'activité de portefeuille"
"IMMO","2974","Prêts (même ventilation que celle du compte 274)"
"IMMO","2975","Dépôts et cautionnements versés (même ventilation que celle du compte 275)"
"IMMO","2976","Autres créances immobilisées (même ventilation que celle du compte 276)"
"STOCK","31","Matières premières (et fournitures)"
"STOCK","311","Matières (ou groupe) A"
"STOCK","312","Matières (ou groupe) B"
"STOCK","317","Fournitures A, B, C,"
"STOCK","32","Autres approvisionnements"
"STOCK","321","Matières consommables"
"STOCK","3211","Matières (ou groupe) C"
"STOCK","3212","Matières (ou groupe) d"
"STOCK","322","Fournitures consommables"
"STOCK","3221","Combustibles"
"STOCK","3222","Produits d'entretien"
"STOCK","3223","Fournitures d'atelier et d'usine"
"STOCK","3224","Fournitures de magasin"
"STOCK","3225","Fournitures de bureau"
"STOCK","326","Emballages"
"STOCK","3261","Emballages perdus"
"STOCK","3265","Emballages récupérables non identifiables"
"STOCK","3267","Emballages à usage mixte"
"STOCK","33","En-cours de production de biens"
"STOCK","331","Produits en cours"
"STOCK","3311","Produits en cours P 1"
"STOCK","3312","Produits en cours P 2"
"STOCK","335","Travaux en cours"
"STOCK","3351","Travaux en cours T 1"
"STOCK","3552","Travaux en cours T 2"
"STOCK","34","En-cours de production de services"
"STOCK","341","Etudes en cours"
"STOCK","3411","Etudes en cours E 1"
"STOCK","3412","Etudes en cours E 2"
"STOCK","345","Prestations de services en cours"
"STOCK","3451","Prestations de services S 1"
"STOCK","3452","Prestations de services S 2"
"STOCK","35","Stocks de produits"
"STOCK","351","Produits intermédiaires"
"STOCK","3511","Produits intermédiaires (ou groupe) A"
"STOCK","3512","Produits intermédiaires (ou groupe) B"
"STOCK","355","Produits finis"
"STOCK","3551","Produits finis (ou groupe) A"
"STOCK","3552","Produits finis (ou groupe) B"
"STOCK","358","Produits résiduels (ou matières de récupération)"
"STOCK","3581","Déchets"
"STOCK","3585","Rebuts"
"STOCK","3586","Matières de récupération"
"STOCK","36","(compte à ouvrir, le cas échéant, sous l'intitulé 'Stocks provenant d'immobilisations')"
"STOCK","37","Stocks de marchandises"
"STOCK","371","Marchandises (ou groupe) A"
"STOCK","372","Marchandises (ou groupe) B"
"STOCK","38","(lorsque l'entité tient un inventaire permanent en comptabilité générale, le compte 38 peut être utilisé pour comptabiliser les stocks en voie d'acheminement, mis en dépôt ou donnés en consignation)"
"STOCK","39","Dépréciations des stocks et en-cours"
"STOCK","391","Dépréciations des matières premières (et fournitures)"
"STOCK","3911","Matières (ou groupe) A"
"STOCK","3912","Matières (ou groupe) B"
"STOCK","3917","Fournitures A, B, C,"
"STOCK","392","Dépréciations des autres approvisionnements"
"STOCK","3921","Matières consommables (même ventilation que celle du compte 321)"
"STOCK","3922","Fournitures consommables (même ventilation que celle du compte 322)"
"STOCK","3926","Emballages (même ventilation que celle du compte 326)"
"STOCK","393","Dépréciations des en-cours de production de biens"
"STOCK","3931","Produits en cours (même ventilation que celle du compte 331)"
"STOCK","3935","Travaux en cours (même ventilation que celle du compte 335)"
"STOCK","394","Dépréciations des en-cours de production de services"
"STOCK","3941","Etudes en cours (même ventilation que celle du compte 341)"
"STOCK","3945","Prestations de services en cours (même ventilation que celle du compte 345)"
"STOCK","395","Dépréciations des stocks de produits"
"STOCK","3951","Produits intermédiaires (même ventilation que celle du compte 351)"
"STOCK","3955","Produits finis (même ventilation que celle du compte 355)"
"STOCK","397","Dépréciations des stocks de marchandises"
"STOCK","3971","Marchandise (ou groupe) A"
"STOCK","3972","Marchandise (ou groupe) B"
"THIRDPARTY","40","Fournisseurs et comptes rattachés"
"THIRDPARTY","400","Fournisseurs et comptes rattachés"
"THIRDPARTY","401","Fournisseurs"
"THIRDPARTY","4011","Fournisseurs - Achats de biens et prestations de services"
"THIRDPARTY","4017","Fournisseurs - Retenues de garantie"
"THIRDPARTY","403","Fournisseurs - Effets à payer"
"THIRDPARTY","404","Fournisseurs d'immobilisations"
"THIRDPARTY","4041","Fournisseurs - Achats d'immobilisations"
"THIRDPARTY","4047","Fournisseurs d'immobilisations - Retenues de garantie"
"THIRDPARTY","405","Fournisseurs d'immobilisations - Effets à payer"
"THIRDPARTY","408","Fournisseurs - Factures non parvenues"
"THIRDPARTY","4081","Fournisseurs"
"THIRDPARTY","4084","Fournisseurs d'immobilisations"
"THIRDPARTY","4088","Fournisseurs - Intérêts courus"
"THIRDPARTY","409","Fournisseurs débiteurs"
"THIRDPARTY","4091","Fournisseurs - Avances et acomptes versés sur commandes"
"THIRDPARTY","4096","Fournisseurs - Créances pour emballages et matériel à rendre"
"THIRDPARTY","4097","Fournisseurs - Autres avoirs"
"THIRDPARTY","40971","Fournisseurs d'exploitation"
"THIRDPARTY","40974","Fournisseurs d'immobilisations"
"THIRDPARTY","4098","Rabais, remises, ristournes à obtenir et autres avoirs non encore reçus"
"THIRDPARTY","41","Clients et comptes rattachés"
"THIRDPARTY","410","Clients et comptes rattachés"
"THIRDPARTY","411","Clients"
"THIRDPARTY","4111","Clients - Ventes de biens ou de prestations de services"
"THIRDPARTY","4117","Clients - Retenues de garantie"
"THIRDPARTY","413","Clients - Effets à recevoir"
"THIRDPARTY","416","Clients douteux ou litigieux"
"THIRDPARTY","418","Clients - Produits non encore facturés"
"THIRDPARTY","4181","Clients - Factures à établir"
"THIRDPARTY","4188","Clients - Intérêts courus"
"THIRDPARTY","419","Clients créditeurs"
"THIRDPARTY","4191","Clients - Avances et acomptes reçus sur commandes"
"THIRDPARTY","4196","Clients - Dettes sur emballages et matériels consignés"
"THIRDPARTY","4197","Clients - Autres avoirs"
"THIRDPARTY","4198","Rabais, remises, ristournes à accorder et autres avoirs à établir"
"THIRDPARTY","42","Personnel et comptes rattachés"
"THIRDPARTY","421","Personnel - Rémunérations dues"
"THIRDPARTY","422","Comités d'entreprises, d'établissement, …"
"THIRDPARTY","424","Participation des salariés aux résultats"
"THIRDPARTY","4246","Réserve spéciale"
"THIRDPARTY","4248","Comptes courants"
"THIRDPARTY","425","Personnel - Avances et acomptes"
"THIRDPARTY","426","Personnel - Dépôts"
"THIRDPARTY","427","Personnel - Oppositions"
"THIRDPARTY","428","Personnel - Charges à payer et produits à recevoir"
"THIRDPARTY","4282","Dettes provisionnées pour congés à payer"
"THIRDPARTY","4284","Dettes provisionnées pour participation des salariés aux résultats"
"THIRDPARTY","4286","Autres charges à payer"
"THIRDPARTY","4287","Produits à recevoir"
"THIRDPARTY","43","Sécurité sociale et autres organismes sociaux"
"THIRDPARTY","431","Sécurité sociale"
"THIRDPARTY","437","Autres organismes sociaux"
"THIRDPARTY","438","Organismes sociaux - Charges à payer et produits à recevoir"
"THIRDPARTY","4382","Charges sociales sur congés à payer"
"THIRDPARTY","4386","Autres charges à payer"
"THIRDPARTY","4387","Produits à recevoir"
"THIRDPARTY","44","Etat et autres collectivités publiques"
"THIRDPARTY","441","Etat - Subventions à recevoir"
"THIRDPARTY","4411","Subventions d'investissement"
"THIRDPARTY","4417","Subventions d'exploitation"
"THIRDPARTY","4418","Subventions d'équilibre"
"THIRDPARTY","4419","Avances sur subventions"
"THIRDPARTY","442","Etat - Impôts et taxes recouvrables sur des tiers"
"THIRDPARTY","4424","Obligataires"
"THIRDPARTY","4425","Associés"
"THIRDPARTY","443","Opérations particulières avec l'Etat les collectivités publiques, les organismes internationaux"
"THIRDPARTY","4431","Créances sur l'Etat résultant de la suppression de la règle du décalage d'un mois en matière de TVA"
"THIRDPARTY","4438","Intérêts courus sur créances figurant au 4431"
"THIRDPARTY","444","Etat - Impôts sur les bénéfices"
"THIRDPARTY","445","Etat - Taxes sur le chiffre d'affaires"
"THIRDPARTY","4452","TVA due intracommunautaire"
"THIRDPARTY","4455","Taxes sur le chiffre d'affaires à décaisser"
"THIRDPARTY","44551","TVA à décaisser"
"THIRDPARTY","44558","Taxes assimilées à la TVA"
"THIRDPARTY","4456","Taxes sur le chiffre d'affaires déductibles"
"THIRDPARTY","44562","TVA sur immobilisations"
"THIRDPARTY","44563","TVA transférée par d'autres entreprises"
"THIRDPARTY","44566","TVA sur autres biens et services"
"THIRDPARTY","44567","Crédit de TVA à reporter"
"THIRDPARTY","44568","Taxes assimilées à la TVA"
"THIRDPARTY","4457","Taxes sur le chiffre d'affaires collectées par l'entreprise"
"THIRDPARTY","44571","TVA collectée"
"THIRDPARTY","44578","Taxes assimilées à la TVA"
"THIRDPARTY","4458","Taxes sur le chiffre d'affaires à régulariser ou en attente"
"THIRDPARTY","44581","Acomptes - Régime simplifié d'imposition"
"THIRDPARTY","44582","Acomptes - Régime de forfait"
"THIRDPARTY","44583","Remboursement de taxes sur le chiffre d'affaires demandé"
"THIRDPARTY","44584","TVA récupérée d'avance"
"THIRDPARTY","44586","Taxes sur le chiffre d'affaires sur factures non parvenues"
"THIRDPARTY","44587","Taxes sur le chiffre d'affaires sur factures à établir"
"THIRDPARTY","446","Obligations cautionnées"
"THIRDPARTY","447","Autres impôts, taxes et versements assimilés"
"THIRDPARTY","448","Etat - Charges à payer et produits à recevoir"
"THIRDPARTY","4482","Charges fiscales sur congés à payer"
"THIRDPARTY","4486","Charges à payer"
"THIRDPARTY","4487","Produits à recevoir"
"THIRDPARTY","449","Quotas d'émission à acquérir"
"THIRDPARTY","45","Groupe et associés"
"THIRDPARTY","451","Groupe"
"THIRDPARTY","455","Associés - Comptes courants"
"THIRDPARTY","4551","Principal"
"THIRDPARTY","4558","Intérêts courus"
"THIRDPARTY","456","Associés - Opérations sur le capital"
"THIRDPARTY","4561","Associés - Comptes d'apport en société"
"THIRDPARTY","45611","Apports en nature"
"THIRDPARTY","45615","Apports en numéraire"
"THIRDPARTY","4562","Apporteurs - Capital appelé, non versé"
"THIRDPARTY","45621","Actionnaires - Capital souscrit et appelé, non versé"
"THIRDPARTY","45625","Associés - Capital appelé, non versé"
"THIRDPARTY","4563","Associés - Versements reçus sur augmentation de capital"
"THIRDPARTY","4564","Associés - Versements anticipés"
"THIRDPARTY","4566","Actionnaires défaillants"
"THIRDPARTY","4567","Associés - Capital à rembourser"
"THIRDPARTY","457","Associés - Dividendes à payer"
"THIRDPARTY","458","Associés - Opérations faites en commun et en GIE"
"THIRDPARTY","4581","Opérations courantes"
"THIRDPARTY","4588","Intérêts courus"
"THIRDPARTY","46","Débiteurs divers et créditeurs divers"
"THIRDPARTY","462","Créances sur cessions d'immobilisations"
"THIRDPARTY","464","Dettes sur acquisitions de valeurs mobilières de placement"
"THIRDPARTY","465","Créances sur cessions de valeurs mobilières de placement"
"THIRDPARTY","467","Autres comptes débiteurs ou créditeurs"
"THIRDPARTY","468","Divers - Charges à payer et produits à recevoir"
"THIRDPARTY","4686","Charges à payer"
"THIRDPARTY","4687","Produits à recevoir"
"THIRDPARTY","47","Comptes transitoires ou d'attente"
"THIRDPARTY","471","Comptes d'attente"
"THIRDPARTY","472","Comptes d'attente"
"THIRDPARTY","473","Comptes d'attente"
"THIRDPARTY","474","Comptes d'attente"
"THIRDPARTY","475","Comptes d'attente"
"THIRDPARTY","476","Différence de conversion - Actif"
"THIRDPARTY","4761","Diminution des créances"
"THIRDPARTY","4762","Augmentation des dettes"
"THIRDPARTY","4768","Différences compensées par couverture de change"
"THIRDPARTY","477","Différences de conversion - Passif"
"THIRDPARTY","4771","Augmentation des créances"
"THIRDPARTY","4772","Diminution des dettes"
"THIRDPARTY","4778","Différences compensées par couverture de change"
"THIRDPARTY","478","Autres comptes transitoires"
"THIRDPARTY","48","Comptes de régularisation"
"THIRDPARTY","481","Charges à répartir sur plusieurs exercices"
"THIRDPARTY","4816","Frais d'émission des emprunts"
"THIRDPARTY","486","Charges constatées d'avance"
"THIRDPARTY","487","Produits constatés d'avance"
"THIRDPARTY","488","Comptes de répartition périodique des charges et des produits"
"THIRDPARTY","4886","Charges"
"THIRDPARTY","4887","Produits"
"THIRDPARTY","49","Dépréciations des comptes de tiers"
"THIRDPARTY","491","Dépréciations des comptes de clients"
"THIRDPARTY","495","Dépréciations des comptes du groupe et des associés"
"THIRDPARTY","4951","Comptes du groupe"
"THIRDPARTY","4955","Comptes courants des associés"
"THIRDPARTY","4958","Opérations faites en commun et en GIE"
"THIRDPARTY","496","Dépréciations des comptes de débiteurs divers"
"THIRDPARTY","4962","Créances sur cessions d'immobilisations"
"THIRDPARTY","4965","Créances sur cessions de valeurs mobilières de placement"
"THIRDPARTY","4967","Autres comptes débiteurs"
"FINAN","50","Parts dans des entreprises liées"
"FINAN","502","Actions propres"
"FINAN","5021","Actons destinées à être attribuées aux employés et affectées à des plans déterminés"
"FINAN","5022","Actons disponibles pour être attribuées aux employés ou pour la régularisation des cours de bourse"
"FINAN","503","Actions"
"FINAN","5031","Titres cotés"
"FINAN","5035","Titres non cotés"
"FINAN","504","Autres titres conférant un droit de propriété"
"FINAN","505","Obligations et bons émis par la société et rachetés par elle"
"FINAN","506","Obligations"
"FINAN","5061","Titres cotés"
"FINAN","5065","Titres non cotés"
"FINAN","507","Bons du Trésor et bons de caisse à court terme"
"FINAN","508","Autres valeurs mobilières de placement et autres créances assimilées"
"FINAN","5081","Autres valeurs mobilières"
"FINAN","5082","Bons de souscription"
"FINAN","5088","Intérêts courus sur obligations, bons et valeurs assimilés"
"FINAN","509","Versements restant à effectuer sur valeurs mobilières de placement non libérées"
"FINAN","51","Banques, établissements financiers et assimilés"
"FINAN","511","Valeurs à l'encaissement"
"FINAN","5111","Coupons échus à l'encaissement"
"FINAN","5112","Chèques à encaisser"
"FINAN","5113","Effets à l'encaissement"
"FINAN","5114","Effets à l'escompte"
"FINAN","512","Banques"
"FINAN","5121","Comptes en monnaie nationale"
"FINAN","5124","Comptes en devises"
"FINAN","514","Chèques postaux"
"FINAN","515","Caisses du Trésor et des établissements publics"
"FINAN","516","Sociétés de bourse"
"FINAN","517","Autres organismes financiers"
"FINAN","518","Intérêts courus"
"FINAN","5181","Intérêts courus à payer"
"FINAN","5188","Intérêts courus à recevoir"
"FINAN","519","Concours bancaires courants"
"FINAN","5191","Crédit de mobilisation de créances commerciales"
"FINAN","5193","Mobilisation de créances nées à l'étranger"
"FINAN","5198","Intérêts courus sur concours bancaires courants"
"FINAN","52","Instruments de trésorerie"
"FINAN","53","Caisse"
"FINAN","531","Caisse siège social"
"FINAN","5311","Caisse en monnaie nationale"
"FINAN","5314","Caisse en devises"
"FINAN","532","Caisse succursale (ou usine) A"
"FINAN","533","Caisse succursale (ou usine) B"
"FINAN","54","Régies d'avance et accréditifs"
"FINAN","58","Virements internes"
"FINAN","59","Dépréciations des comptes financiers"
"FINAN","590","Dépréciations des valeurs mobilières de placement"
"FINAN","5903","Actions"
"FINAN","5904","Autres titres conférant un droit de propriété"
"FINAN","5906","Obligations"
"FINAN","5908","Autres valeurs mobilières de placement et créances assimilées"
"EXPENSE","60","Achats (sauf 603)"
"EXPENSE","601","Achats stockés - Matières premières (et fournitures)"
"EXPENSE","6011","Matières (ou groupe) A"
"EXPENSE","6012","Matières (ou groupe) B"
"EXPENSE","6017","Fournitures A, B, C,"
"EXPENSE","602","Achats stockés - Autres approvisionnements"
"EXPENSE","6201","Matières consommables"
"EXPENSE","60211","Matières (ou groupe) C"
"EXPENSE","60212","Matières (ou groupe) D"
"EXPENSE","6022","Fournitures consommables"
"EXPENSE","60221","Combustibles"
"EXPENSE","60222","Produits d'entretien"
"EXPENSE","60223","Fournitures d'atelier et d'usine"
"EXPENSE","60224","Fournitures de magasin"
"EXPENSE","60225","Fourniture de bureau"
"EXPENSE","6026","Emballages"
"EXPENSE","60261","Emballages perdus"
"EXPENSE","60265","Emballages récupérables non identifiables"
"EXPENSE","60267","Emballages à usage mixte"
"EXPENSE","604","Achats d'études et prestations de services"
"EXPENSE","605","Achats de matériel, équipements et travaux"
"EXPENSE","606","Achats non stockés de matière et fournitures"
"EXPENSE","6061","Fournitures non stockables (eau, énergie, …)"
"EXPENSE","6063","Fournitures d'entretien et de petit équipement"
"EXPENSE","6064","Fournitures administratives"
"EXPENSE","6068","Autres matières et fournitures"
"EXPENSE","607","Achats de marchandises"
"EXPENSE","6071","Marchandise (ou groupe) A"
"EXPENSE","6072","Marchandise (ou groupe) B"
"EXPENSE","608","(Compte réservé, le cas échéant, à la récapitulation des frais accessoires incorporés aux achats)"
"EXPENSE","609","Rabais, remises et ristournes obtenus sur achats"
"EXPENSE","6091","de matières premières (et fournitures)"
"EXPENSE","6092","d'autres approvisionnements stockés"
"EXPENSE","6094","d'études et prestations de services"
"EXPENSE","6095","de matériel, équipements et travaux"
"EXPENSE","6096","d'approvisionnements non stockés"
"EXPENSE","6097","de marchandises"
"EXPENSE","6098","Rabais, remises et ristournes non affectés"
"EXPENSE","603","Variations des stocks (approvisionnements et marchandises)"
"EXPENSE","6031","Variation des stocks de matières premières (et fournitures)"
"EXPENSE","6032","Variation des stocks des autres approvisionnements"
"EXPENSE","6037","Variation des stocks de marchandises"
"EXPENSE","61","Services extérieurs"
"EXPENSE","611","Sous-traitance générale"
"EXPENSE","612","Redevances de crédit-bail"
"EXPENSE","6122","Crédit-bail mobilier"
"EXPENSE","6125","Crédit-bail immobilier"
"EXPENSE","613","Locations"
"EXPENSE","6132","Locations immobilières"
"EXPENSE","6135","Locations mobilières"
"EXPENSE","6136","Malis sur emballages"
"EXPENSE","614","Charges locatives et de copropriété"
"EXPENSE","615","Entretien et réparations"
"EXPENSE","6152","sur biens immobiliers"
"EXPENSE","6155","sur biens mobiliers"
"EXPENSE","6156","Maintenance"
"EXPENSE","616","Primes d'assurances"
"EXPENSE","6161","Multirisques"
"EXPENSE","6162","Assurance obligatoire dommage construction"
"EXPENSE","6163","Assurance - transport"
"EXPENSE","61636","sur achats"
"EXPENSE","61637","sur ventes"
"EXPENSE","61638","sur autres biens"
"EXPENSE","6164","Risques d'exploitation"
"EXPENSE","6165","Insolvabilité clients"
"EXPENSE","617","Etudes et recherches"
"EXPENSE","618","Divers"
"EXPENSE","6181","Documentation générale"
"EXPENSE","6183","Documentation technique"
"EXPENSE","6185","Frais de colloques, séminaires, conférences"
"EXPENSE","619","Rabais, remises et ristournes obtenus sur services extérieurs"
"EXPENSE","62","Autres services extérieurs"
"EXPENSE","621","Personnel extérieur à l'entreprise"
"EXPENSE","6211","Personnel intérimaire"
"EXPENSE","6214","Personnel détaché ou prêté à l'entreprise"
"EXPENSE","622","Rémunérations d'intermédiaires et honoraires"
"EXPENSE","6221","Commissions et courtages sur achats"
"EXPENSE","6222","Commissions et courtages sur ventes"
"EXPENSE","6224","Rémunérations des transitaires"
"EXPENSE","6225","Rémunérations d'affacturage"
"EXPENSE","6226","Honoraires"
"EXPENSE","6227","Frais d'actes et de contentieux"
"EXPENSE","6228","Divers"
"EXPENSE","623","Publicité, publications, relations publiques"
"EXPENSE","6231","Annonces et insertions"
"EXPENSE","6232","Echantillons"
"EXPENSE","6233","Foires et expositions"
"EXPENSE","6234","Cadeaux à la clientèle"
"EXPENSE","6235","Primes"
"EXPENSE","6236","Catalogues et imprimés"
"EXPENSE","6237","Publications"
"EXPENSE","6238","Divers (pourboires, dons courants, …)"
"EXPENSE","624","Transports de biens et transports collectifs du personnel"
"EXPENSE","6241","Transports sur achats"
"EXPENSE","6242","Transports sur ventes"
"EXPENSE","6243","Transports entre établissements ou chantiers"
"EXPENSE","6244","Transports administratifs"
"EXPENSE","6247","Transports collectifs du personnel"
"EXPENSE","6248","Divers"
"EXPENSE","625","Déplacements, missions et réceptions"
"EXPENSE","6251","Voyages et déplacements"
"EXPENSE","6255","Frais de déménagement"
"EXPENSE","6256","Missions"
"EXPENSE","6257","Réceptions"
"EXPENSE","626","Frais postaux et de télécommunications"
"EXPENSE","627","Services bancaires et assimilés"
"EXPENSE","6271","Frais sur titres (achat, vente, garde)"
"EXPENSE","6272","Commissions et frais sur émission d'emprunts"
"EXPENSE","6275","Frais sur effets"
"EXPENSE","6276","Location de coffres"
"EXPENSE","6278","Autres frais et commissions sur prestations de services"
"EXPENSE","628","Divers"
"EXPENSE","6281","Concours divers (cotisations,)"
"EXPENSE","6284","Frais de recrutement de personnel"
"EXPENSE","629","Rabais, remises et ristournes obtenus sur autres services extérieurs"
"EXPENSE","63","Impôts, taxes et versements assimilés"
"EXPENSE","631","Impôts, taxes et versements assimilés sur rémunérations (administrations des impôts)"
"EXPENSE","6311","Taxe sur les salaires"
"EXPENSE","6312","Taxe d'apprentissage"
"EXPENSE","6313","Participation des employeurs à la formation professionnelle continue"
"EXPENSE","6314","Cotisation pour défaut d'investissement obligatoire dans la construction"
"EXPENSE","6318","Autres"
"EXPENSE","633","Impôts, taxes et versements assimilés sur rémunérations (autres organismes)"
"EXPENSE","6331","Versement de transport"
"EXPENSE","6332","Allocations logement"
"EXPENSE","6333","Participation des employeurs à la formation professionnelle continue"
"EXPENSE","6334","Participation des employeurs à l'effort de construction"
"EXPENSE","6335","Versements libératoires ouvrant droit à l'exonération de la taxe d'apprentissage"
"EXPENSE","6338","Autres"
"EXPENSE","635","Autres impôts, taxes et versements assimilés (administrations des impôts)"
"EXPENSE","6351","Impôts directs (sauf impôts sur les bénéfices)"
"EXPENSE","63511","Contribution économique territoriale"
"EXPENSE","63512","Taxes foncières"
"EXPENSE","63513","Autres impôts locaux"
"EXPENSE","63514","Taxe sur les véhicules des sociétés"
"EXPENSE","6352","Taxe sur le chiffre d'affaires non récupérables"
"EXPENSE","6353","Impôts indirects"
"EXPENSE","6354","Droits d'enregistrement et de timbre"
"EXPENSE","63541","Droits de mutation"
"EXPENSE","6358","Autres droits"
"EXPENSE","637","Autres impôts, taxes et versements assimilés (autres organismes)"
"EXPENSE","6371","Contribution sociale de solidarité à la charge des sociétés"
"EXPENSE","6372","Taxes perçues par les organismes publics internationaux"
"EXPENSE","6374","Impôts et taxes exigibles à l'Etranger"
"EXPENSE","6378","Taxes diverses"
"EXPENSE","64","Charges de personnel"
"EXPENSE","641","Rémunérations du personnel"
"EXPENSE","6411","Salaires, appointements"
"EXPENSE","6412","Congés payés"
"EXPENSE","6413","Primes et gratifications"
"EXPENSE","6414","Indemnités et avantages divers"
"EXPENSE","6415","Supplément familial"
"EXPENSE","644","Rémunération du travail de l'exploitant"
"EXPENSE","645","Charges de sécurité sociale et de prévoyance"
"EXPENSE","6451","Cotisations à l'URSSAF"
"EXPENSE","6452","Cotisations aux mutuelles"
"EXPENSE","6453","Cotisations aux caisses de retraites"
"EXPENSE","6454","Cotisations aux ASSEDIC"
"EXPENSE","6458","Cotisations aux autres organismes sociaux"
"EXPENSE","646","Cotisations sociales personnelles de l'exploitant"
"EXPENSE","647","Autres charges sociales"
"EXPENSE","6471","Prestations directes"
"EXPENSE","6472","Versements aux comités d'entreprise et d'établissement"
"EXPENSE","6473","Versements aux comités d'hygiène et de sécurité"
"EXPENSE","6474","Versements aux autres œuvres sociales"
"EXPENSE","6475","Médecine du travail, pharmacie"
"EXPENSE","648","Autres charges de personnel"
"EXPENSE","65","Autres charges de gestion courante"
"EXPENSE","651","Redevances pour concessions, brevets, licences, marques, procédés, logiciels, droits et valeurs similaires"
"EXPENSE","6511","Redevances pour concessions, brevets, licences, marques, procédés, logiciels"
"EXPENSE","6516","Droits d'auteur et de reproduction"
"EXPENSE","6518","Autres droits et valeurs similaires"
"EXPENSE","653","Jetons de présence"
"EXPENSE","654","Pertes sur créances irrécouvrables"
"EXPENSE","6541","Créances de l'exercice"
"EXPENSE","6544","Créances des exercices antérieurs"
"EXPENSE","655","Quote-part de résultat sur opérations faites en commun"
"EXPENSE","6551","Quote-part de bénéfice transférée (comptabilité du gérant)"
"EXPENSE","6555","Quote-part de perte supportée (comptabilité des associés non gérants)"
"EXPENSE","658","Charges diverses de gestion courante"
"EXPENSE","66","Charges financières"
"EXPENSE","661","Charges d'intérêts"
"EXPENSE","6611","Intérêts des emprunts et dettes"
"EXPENSE","66116","des emprunts et dettes assimilées"
"EXPENSE","66117","des dettes rattachées à des participations"
"EXPENSE","6612","Charges de la fiducie, résultat de la période"
"EXPENSE","6615","Intérêts des comptes courants et des dépôts créditeurs"
"EXPENSE","6616","Intérêts bancaires et sur opérations de financement (escompte,…)"
"EXPENSE","6617","Intérêts des obligations cautionnées"
"EXPENSE","6618","Intérêts des autres dettes"
"EXPENSE","66181","des dettes commerciales"
"EXPENSE","66188","des dettes diverses"
"EXPENSE","664","Pertes sur créances liées à des participations"
"EXPENSE","665","Escomptes accordés"
"EXPENSE","666","Pertes de change"
"EXPENSE","667","Charges nettes sur cessions de valeurs mobilières de placement"
"EXPENSE","668","Autres charges financières"
"EXPENSE","67","Charges exceptionnelles"
"EXPENSE","671","Charges exceptionnelles sur opérations de gestion"
"EXPENSE","6711","Pénalités sur marchés (et dédits payés sur achats et ventes)"
"EXPENSE","6712","Pénalités, amendes fiscales et pénales"
"EXPENSE","6713","Dons, libéralités"
"EXPENSE","6714","Créances devenues irrécouvrables dans l'exercice"
"EXPENSE","6715","Subventions accordées"
"EXPENSE","6717","Rappel d'impôts (autres qu'impôts sur les bénéfices)"
"EXPENSE","6718","Autres charges exceptionnelles sur opérations de gestion"
"EXPENSE","672","(Compte à la disposition des entités pour enregistrer, en cours d'exercice, les charges sur exercices antérieurs)"
"EXPENSE","674","Opérations de constitution ou liquidation des fiducies"
"EXPENSE","6741","Opérations liées à la constitution de fiducie - Transfert des éléments"
"EXPENSE","6742","Opérations liées à la liquidation de la fiducie"
"EXPENSE","675","Valeurs comptables des éléments d'actif cédés"
"EXPENSE","6751","Immobilisations incorporelles"
"EXPENSE","6752","Immobilisations corporelles"
"EXPENSE","6756","Immobilisations financières"
"EXPENSE","6758","Autres éléments d'actif"
"EXPENSE","678","Autres charges exceptionnelles"
"EXPENSE","6781","Malis provenant de clauses d'indexation"
"EXPENSE","6782","Lots"
"EXPENSE","6783","Malis provenant du rachat par l'entreprise d'actions et obligations émises par elle-même"
"EXPENSE","6788","Charges exceptionnelles diverses"
"EXPENSE","68","Dotations aux amortissements, aux dépréciations et aux provisions"
"EXPENSE","681","Dotations aux amortissements, aux dépréciations et aux provisions - Charges d'exploitation"
"EXPENSE","6811","Dotations aux amortissements sur immobilisations incorporelles et corporelles"
"EXPENSE","68111","Immobilisations incorporelles"
"EXPENSE","68112","Immobilisations corporelles"
"EXPENSE","6812","Dotations aux amortissements des charges d'exploitation à répartir"
"EXPENSE","6815","Dotations aux provisions d'exploitation"
"EXPENSE","6816","Dotations pour dépréciations des immobilisations incorporelles et corporelles"
"EXPENSE","68161","Immobilisations incorporelles"
"EXPENSE","68162","Immobilisations corporelles"
"EXPENSE","6817","Dotations pour dépréciations des actifs circulants"
"EXPENSE","68173","Stocks et en-cours"
"EXPENSE","68174","Créances"
"EXPENSE","686","Dotations aux amortissements, aux dépréciations et aux provisions - Charges financières"
"EXPENSE","6861","Dotations aux amortissements des primes de remboursement des obligations"
"EXPENSE","6865","Dotations aux provisions financières"
"EXPENSE","6866","Dotations pour dépréciations des éléments financiers"
"EXPENSE","68662","Immobilisations financières"
"EXPENSE","68665","Valeurs mobilières de placement"
"EXPENSE","6868","Autres dotations"
"EXPENSE","687","Dotations aux amortissements, aux dépréciations et aux provisions - Charges exceptionnelles"
"EXPENSE","6871","Dotations aux amortissements exceptionnels des immobilisations"
"EXPENSE","6872","Dotations aux provisions réglementées (immobilisations)"
"EXPENSE","68725","Amortissements dérogatoires"
"EXPENSE","6873","Dotations aux provisions réglementées (stocks)"
"EXPENSE","6874","Dotations aux autres provisions réglementées"
"EXPENSE","6875","Dotations aux provisions exceptionnelles"
"EXPENSE","6876","Dotations pour dépréciations exceptionnelles"
"EXPENSE","69","Participation des salariés - Impôts sur les bénéfices et assimilés"
"EXPENSE","691","Participation des salariés aux résultats"
"EXPENSE","695","Impôts sur les bénéfices"
"EXPENSE","6951","Impôts dus en France"
"EXPENSE","6952","Contribution additionnelle à l'impôt sur les bénéfices"
"EXPENSE","6954","Impôts dus à l'étranger"
"EXPENSE","696","Suppléments d'impôt sur les sociétés liés aux distributions"
"EXPENSE","698","Intégration fiscale"
"EXPENSE","6981","Intégration fiscale - Charges"
"EXPENSE","6989","Intégration fiscale - Produits"
"EXPENSE","699","Produits - Reports en arrière des déficits"
"INCOME","70","Ventes de produits fabriqués, prestations de services, marchandises"
"INCOME","701","Ventes de produits finis"
"INCOME","7011","Produits finis (ou groupe) A"
"INCOME","7012","Produits finis (ou groupe) B"
"INCOME","702","Ventes de produits intermédiaires"
"INCOME","703","Ventes de produits résiduels"
"INCOME","704","Travaux"
"INCOME","7041","Travaux de catégorie (ou activité) A"
"INCOME","7042","Travaux de catégorie (ou activité) B"
"INCOME","705","Etudes"
"INCOME","706","Prestations de services"
"INCOME","707","Ventes de marchandises"
"INCOME","7071","Marchandises (ou groupe) A"
"INCOME","7072","Marchandises (ou groupe) B"
"INCOME","708","Produits des activités annexes"
"INCOME","7081","Produits des services exploités dans l'intérêt du personnel"
"INCOME","7082","Commissions et courtages"
"INCOME","7083","Locations diverses"
"INCOME","7084","Mise à disposition de personnel facturée"
"INCOME","7085","Ports et frais accessoires facturés"
"INCOME","7086","Bonis sur reprises d'emballages consignés"
"INCOME","7087","Bonifications obtenues des clients et primes sur ventes"
"INCOME","7088","Autres produits d'activités annexes (cessions d'approvisionnements,)"
"INCOME","709","Rabais, remises et ristournes accordés par l'entreprise"
"INCOME","7091","sur ventes de produits finis"
"INCOME","7092","sur ventes de produits intermédiaires"
"INCOME","7094","sur travaux"
"INCOME","7095","sur études"
"INCOME","7096","sur prestations de services"
"INCOME","7097","sur ventes de marchandises"
"INCOME","7098","sur produits des activités annexes"
"INCOME","71","Production stockée (ou déstockage)"
"INCOME","713","Variation des stocks (en-cours de production, produits)"
"INCOME","7133","Variation des en-cours de production de biens"
"INCOME","71331","Produits en cours"
"INCOME","71335","Travaux en cours"
"INCOME","7134","Variation des en-cours de production de services"
"INCOME","71341","Etudes en cours"
"INCOME","71345","Prestations de services en cours"
"INCOME","7135","Variation des stocks de produits"
"INCOME","71351","Produits intermédiaires"
"INCOME","71355","Produits finis"
"INCOME","71358","Produits résiduels"
"INCOME","72","Production immobilisée"
"INCOME","721","Immobilisations incorporelles"
"INCOME","722","Immobilisations corporelles"
"INCOME","74","Subventions d'exploitation"
"INCOME","75","Autres produits de gestion courante"
"INCOME","751","Redevances pour concessions, brevets, licences, marques, procédés, logiciels, droits et valeurs similaires"
"INCOME","7511","Redevances pour concessions, brevets, licences, marques, procédés, logiciels"
"INCOME","7516","Droits d'auteur et de reproduction"
"INCOME","7518","Autres droits et valeurs similaires"
"INCOME","752","Revenus des immeubles non affectés à des activités professionnelles"
"INCOME","753","Jetons de présence et rémunérations d'administrateurs, gérants,"
"INCOME","754","Ristournes perçues des coopératives (provenant des excédents)"
"INCOME","755","Quote-parts de résultat sur opérations faites en commun"
"INCOME","7551","Quote-part de perte transférée (comptabilité du gérant)"
"INCOME","7555","Quote-part de bénéfice attribuée (comptabilité des associés non - gérants)"
"INCOME","758","Produits divers de gestion courante"
"INCOME","76","Produits financiers"
"INCOME","761","Produits de participations"
"INCOME","7611","Revenus des titres de participation"
"INCOME","7612","Produits de la fiducie, résultat de la période"
"INCOME","7616","Revenus sur autres formes de participation"
"INCOME","7617","Revenus des créances rattachées à des participations"
"INCOME","762","Produits des autres immobilisations financières"
"INCOME","7621","Revenus des titres immobilisés"
"INCOME","7626","Revenus des prêts"
"INCOME","7627","Revenus des créances immobilisées"
"INCOME","763","Revenus des autres créances"
"INCOME","7631","Revenus des créances commerciales"
"INCOME","7638","Revenus des créances diverses"
"INCOME","764","Revenus des valeurs mobilières de placement"
"INCOME","765","Escomptes obtenus"
"INCOME","766","Gains de change"
"INCOME","767","Produits nets sur cessions de valeurs mobilières de placement"
"INCOME","768","Autres produits financiers"
"INCOME","77","Produits exceptionnels"
"INCOME","771","Produits exceptionnels sur opérations de gestion"
"INCOME","7711","Dédits et pénalités perçus sur achats et sur ventes"
"INCOME","7713","Libéralités reçues"
"INCOME","7714","Rentrées sur créances amorties"
"INCOME","7715","Subventions d'équilibre"
"INCOME","7717","Dégrèvements d'impôts autres qu'impôts sur les bénéfices"
"INCOME","7718","Autres produits exceptionnels sur opérations de gestion"
"INCOME","772","(Compte à la disposition des entités pour enregistrer, en cours d'exercice, les produits sur exercices antérieurs)"
"INCOME","774","Opérations de constitution ou liquidation des fiducies"
"INCOME","7741","Opérations liées à la constitution de fiducie - Transfert des éléments"
"INCOME","7742","Opérations liées à la liquidation de la fiducie"
"INCOME","775","Produits des cessions d'éléments d'actif"
"INCOME","7751","Immobilisations incorporelles"
"INCOME","7752","Immobilisations corporelles"
"INCOME","7756","Immobilisations financières"
"INCOME","7758","Autres éléments d'actif"
"INCOME","777","Quote-part des subventions d'investissement virée au résultat de l'exercice"
"INCOME","778","Autres produits exceptionnels"
"INCOME","7781","Bonis provenant de clauses d'indexation"
"INCOME","7782","Lots"
"INCOME","7783","Bonis provenant du rachat par l'entreprise d'actions et d'obligations émises par elle - même"
"INCOME","7788","Produits exceptionnels divers"
"INCOME","78","Reprises sur amortissements, dépréciations et provisions"
"INCOME","781","Reprises sur amortissements, dépréciations et provisions (à inscrire dans les produits d'exploitation)"
"INCOME","7811","Reprises sur amortissements des immobilisations incorporelles et corporelles"
"INCOME","78111","Immobilisations incorporelles"
"INCOME","78112","Immobilisations corporelles"
"INCOME","7815","Reprises sur provisions d'exploitation"
"INCOME","7816","Reprises sur dépréciations des immobilisations incorporelles et corporelles"
"INCOME","78161","Immobilisations incorporelles"
"INCOME","78162","Immobilisations corporelles"
"INCOME","7817","Reprises sur dépréciations des actifs circulants"
"INCOME","78173","Stocks et en-cours"
"INCOME","78174","Créances"
"INCOME","786","Reprises sur provisions pour risques et dépréciations (à inscrire dans les produits financiers)"
"INCOME","7865","Reprises sur provisions financières"
"INCOME","7866","Reprises sur dépréciations des éléments financiers"
"INCOME","78662","Immobilisations financières"
"INCOME","78665","Valeurs mobilières de placements"
"INCOME","787","Reprises sur provisions et dépréciations (à inscrire dans les produits exceptionnels)"
"INCOME","7872","Reprises sur provisions réglementées (immobilisations)"
"INCOME","78725","Amortissements dérogatoires"
"INCOME","78726","Provision spéciale de réévaluation"
"INCOME","78727","Plus-values réinvesties"
"INCOME","7873","Reprises sur provisions réglementées (stocks)"
"INCOME","7874","Reprises sur autres provisions réglementées"
"INCOME","7875","Reprises sur provisions exceptionnelles"
"INCOME","7876","Reprises sur dépréciations exceptionnelles"
"INCOME","79","Transferts de charges"
"INCOME","791","Transferts de charges d'exploitation"
"INCOME","796","Transferts de charges financières"
"INCOME","797","Transferts de charges exceptionnelles"